filename,total_pages,metadata_format
vol00008-2-efta00009676.pdf,37,PDF 1.5
vol00008-2-efta00009713.pdf,34,PDF 1.5
vol00008-2-efta00009747.pdf,20,PDF 1.5
vol00008-2-efta00009767.pdf,8,PDF 1.5
vol00008-2-efta00009775.pdf,6,PDF 1.5
vol00008-2-efta00009781.pdf,5,PDF 1.5
vol00008-2-efta00009786.pdf,5,PDF 1.5
vol00008-2-efta00009791.pdf,3,PDF 1.5
vol00008-2-efta00009794.pdf,2,PDF 1.5
vol00008-2-efta00009796.pdf,2,PDF 1.5
vol00008-2-efta00009798.pdf,2,PDF 1.5
vol00008-2-efta00009800.pdf,2,PDF 1.5
vol00008-2-efta00009802.pdf,5,PDF 1.5
vol00008-2-efta00009807.pdf,1,PDF 1.5
vol00008-2-efta00009808.pdf,1,PDF 1.5
vol00008-2-efta00009809.pdf,14,PDF 1.5
vol00008-2-efta00009823.pdf,2,PDF 1.5
vol00008-2-efta00009825.pdf,1,PDF 1.5
vol00008-2-efta00009826.pdf,1,PDF 1.5
vol00008-2-efta00009827.pdf,2,PDF 1.5
vol00008-2-efta00009829.pdf,2,PDF 1.5
vol00008-2-efta00009831.pdf,1,PDF 1.5
vol00008-2-efta00009832.pdf,2,PDF 1.5
vol00008-2-efta00009834.pdf,19,PDF 1.5
vol00008-2-efta00009853.pdf,1,PDF 1.5
vol00008-2-efta00009854.pdf,2,PDF 1.5
vol00008-2-efta00009856.pdf,2,PDF 1.5
vol00008-2-efta00009858.pdf,1,PDF 1.5
vol00008-2-efta00009859.pdf,1,PDF 1.5
vol00008-2-efta00009860.pdf,3,PDF 1.5
vol00008-2-efta00009863.pdf,1,PDF 1.5
vol00008-2-efta00009864.pdf,1,PDF 1.5
vol00008-2-efta00009865.pdf,3,PDF 1.5
vol00008-2-efta00009868.pdf,1,PDF 1.5
vol00008-2-efta00009869.pdf,1,PDF 1.5
vol00008-2-efta00009870.pdf,3,PDF 1.5
vol00008-2-efta00009873.pdf,4,PDF 1.5
vol00008-2-efta00009877.pdf,2,PDF 1.5
vol00008-2-efta00009879.pdf,2,PDF 1.5
vol00008-2-efta00009881.pdf,1,PDF 1.5
vol00008-2-efta00009882.pdf,1,PDF 1.5
vol00008-2-efta00009883.pdf,1,PDF 1.5
vol00008-2-efta00009884.pdf,1,PDF 1.5
vol00008-2-efta00009885.pdf,1,PDF 1.5
vol00008-2-efta00009886.pdf,1,PDF 1.5
vol00008-2-efta00009887.pdf,1,PDF 1.5
vol00008-2-efta00009888.pdf,1,PDF 1.5
vol00008-2-efta00009889.pdf,1,PDF 1.5
vol00008-2-efta00009890.pdf,5,PDF 1.5
vol00008-2-efta00009895.pdf,1,PDF 1.5
vol00008-2-efta00009896.pdf,1,PDF 1.5
vol00008-2-efta00009897.pdf,2,PDF 1.5
vol00008-2-efta00009899.pdf,1,PDF 1.5
vol00008-2-efta00009900.pdf,1,PDF 1.5
vol00008-2-efta00009901.pdf,3,PDF 1.5
vol00008-2-efta00009904.pdf,10,PDF 1.5
vol00008-2-efta00009914.pdf,1,PDF 1.5
vol00008-2-efta00009915.pdf,2,PDF 1.5
vol00008-2-efta00009917.pdf,1,PDF 1.5
vol00008-2-efta00009918.pdf,1,PDF 1.5
vol00008-2-efta00009919.pdf,1,PDF 1.5
vol00008-2-efta00009920.pdf,3,PDF 1.5
vol00008-2-efta00009923.pdf,1,PDF 1.5
vol00008-2-efta00009924.pdf,2,PDF 1.5
vol00008-2-efta00009926.pdf,1,PDF 1.5
vol00008-2-efta00009927.pdf,1,PDF 1.5
vol00008-2-efta00009928.pdf,1,PDF 1.5
vol00008-2-efta00009929.pdf,1,PDF 1.5
vol00008-2-efta00009930.pdf,1,PDF 1.5
vol00008-2-efta00009931.pdf,2,PDF 1.5
vol00008-2-efta00009933.pdf,2,PDF 1.5
vol00008-2-efta00009935.pdf,1,PDF 1.5
vol00008-2-efta00009936.pdf,1,PDF 1.5
vol00008-2-efta00009937.pdf,2,PDF 1.5
vol00008-2-efta00009939.pdf,2,PDF 1.5
vol00008-2-efta00009941.pdf,11,PDF 1.5
vol00008-2-efta00009952.pdf,2,PDF 1.5
vol00008-2-efta00009954.pdf,2,PDF 1.5
vol00008-2-efta00009956.pdf,1,PDF 1.5
vol00008-2-efta00009957.pdf,1,PDF 1.5
vol00008-2-efta00009958.pdf,3,PDF 1.5
vol00008-2-efta00009961.pdf,1,PDF 1.5
vol00008-2-efta00009962.pdf,2,PDF 1.5
vol00008-2-efta00009964.pdf,1,PDF 1.5
vol00008-2-efta00009965.pdf,1,PDF 1.5
vol00008-2-efta00009966.pdf,2,PDF 1.5
vol00008-2-efta00009968.pdf,1,PDF 1.5
vol00008-2-efta00009969.pdf,1,PDF 1.5
vol00008-2-efta00009970.pdf,1,PDF 1.5
vol00008-2-efta00009971.pdf,1,PDF 1.5
vol00008-2-efta00009972.pdf,3,PDF 1.5
vol00008-2-efta00009975.pdf,1,PDF 1.5
vol00008-2-efta00009976.pdf,1,PDF 1.5
vol00008-2-efta00009977.pdf,3,PDF 1.5
vol00008-2-efta00009980.pdf,1,PDF 1.5
vol00008-2-efta00009981.pdf,2,PDF 1.5
vol00008-2-efta00009983.pdf,2,PDF 1.5
vol00008-2-efta00009985.pdf,1,PDF 1.5
vol00008-2-efta00009986.pdf,2,PDF 1.5
vol00008-2-efta00009988.pdf,20,PDF 1.5
vol00008-2-efta00010008.pdf,2,PDF 1.5
vol00008-2-efta00010010.pdf,6,PDF 1.5
vol00008-2-efta00010016.pdf,1,PDF 1.5
vol00008-2-efta00010017.pdf,2,PDF 1.5
vol00008-2-efta00010019.pdf,1,PDF 1.5
vol00008-2-efta00010020.pdf,1,PDF 1.5
vol00008-2-efta00010021.pdf,1,PDF 1.5
vol00008-2-efta00010022.pdf,2,PDF 1.5
vol00008-2-efta00010024.pdf,1,PDF 1.5
vol00008-2-efta00010025.pdf,9,PDF 1.5
vol00008-2-efta00010034.pdf,1,PDF 1.5
vol00008-2-efta00010035.pdf,1,PDF 1.5
vol00008-2-efta00010036.pdf,1,PDF 1.5
vol00008-2-efta00010037.pdf,3,PDF 1.5
vol00008-2-efta00010040.pdf,3,PDF 1.5
vol00008-2-efta00010043.pdf,2,PDF 1.5
vol00008-2-efta00010045.pdf,16,PDF 1.5
vol00008-2-efta00010061.pdf,1,PDF 1.5
vol00008-2-efta00010062.pdf,7,PDF 1.5
vol00008-2-efta00010069.pdf,6,PDF 1.5
vol00008-2-efta00010075.pdf,3,PDF 1.5
vol00008-2-efta00010078.pdf,5,PDF 1.5
vol00008-2-efta00010083.pdf,14,PDF 1.5
vol00008-2-efta00010097.pdf,3,PDF 1.5
vol00008-2-efta00010100.pdf,2,PDF 1.5
vol00008-2-efta00010102.pdf,2,PDF 1.5
vol00008-2-efta00010104.pdf,1,PDF 1.5
vol00008-2-efta00010105.pdf,6,PDF 1.5
vol00008-2-efta00010111.pdf,6,PDF 1.5
vol00008-2-efta00010117.pdf,1,PDF 1.5
vol00008-2-efta00010118.pdf,8,PDF 1.5
vol00008-2-efta00010126.pdf,1,PDF 1.5
vol00008-2-efta00010127.pdf,1,PDF 1.5
vol00008-2-efta00010128.pdf,1,PDF 1.5
vol00008-2-efta00010129.pdf,1,PDF 1.5
vol00008-2-efta00010130.pdf,1,PDF 1.5
vol00008-2-efta00010131.pdf,1,PDF 1.5
vol00008-2-efta00010132.pdf,1,PDF 1.5
vol00008-2-efta00010133.pdf,2,PDF 1.5
vol00008-2-efta00010135.pdf,1,PDF 1.5
vol00008-2-efta00010136.pdf,2,PDF 1.5
vol00008-2-efta00010138.pdf,1,PDF 1.5
vol00008-2-efta00010139.pdf,2,PDF 1.5
vol00008-2-efta00010141.pdf,1,PDF 1.5
vol00008-2-efta00010142.pdf,1,PDF 1.5
vol00008-2-efta00010143.pdf,1,PDF 1.5
vol00008-2-efta00010144.pdf,1,PDF 1.5
vol00008-2-efta00010145.pdf,3,PDF 1.5
vol00008-2-efta00010148.pdf,1,PDF 1.5
vol00008-2-efta00010149.pdf,1,PDF 1.5
vol00008-2-efta00010150.pdf,2,PDF 1.5
vol00008-2-efta00010152.pdf,1,PDF 1.5
vol00008-2-efta00010153.pdf,1,PDF 1.5
vol00008-2-efta00010154.pdf,1,PDF 1.5
vol00008-2-efta00010155.pdf,2,PDF 1.5
vol00008-2-efta00010157.pdf,2,PDF 1.5
vol00008-2-efta00010159.pdf,1,PDF 1.5
vol00008-2-efta00010160.pdf,2,PDF 1.5
vol00008-2-efta00010162.pdf,2,PDF 1.5
vol00008-2-efta00010164.pdf,3,PDF 1.5
vol00008-2-efta00010167.pdf,5,PDF 1.5
vol00008-2-efta00010172.pdf,2,PDF 1.5
vol00008-2-efta00010174.pdf,2,PDF 1.5
vol00008-2-efta00010176.pdf,2,PDF 1.5
vol00008-2-efta00010178.pdf,2,PDF 1.5
vol00008-2-efta00010180.pdf,2,PDF 1.5
vol00008-2-efta00010182.pdf,1,PDF 1.5
vol00008-2-efta00010183.pdf,1,PDF 1.5
vol00008-2-efta00010184.pdf,1,PDF 1.5
vol00008-2-efta00010185.pdf,1,PDF 1.5
vol00008-2-efta00010186.pdf,1,PDF 1.5
vol00008-2-efta00010187.pdf,2,PDF 1.5
vol00008-2-efta00010189.pdf,1,PDF 1.5
vol00008-2-efta00010190.pdf,4,PDF 1.5
vol00008-2-efta00010194.pdf,1,PDF 1.5
vol00008-2-efta00010195.pdf,1,PDF 1.5
vol00008-2-efta00010196.pdf,2,PDF 1.5
vol00008-2-efta00010198.pdf,1,PDF 1.5
vol00008-2-efta00010199.pdf,1,PDF 1.5
vol00008-2-efta00010200.pdf,2,PDF 1.5
vol00008-2-efta00010202.pdf,1,PDF 1.5
vol00008-2-efta00010203.pdf,8,PDF 1.5
vol00008-2-efta00010211.pdf,2,PDF 1.5
vol00008-2-efta00010213.pdf,1,PDF 1.5
vol00008-2-efta00010214.pdf,2,PDF 1.5
vol00008-2-efta00010216.pdf,1,PDF 1.5
vol00008-2-efta00010217.pdf,1,PDF 1.5
vol00008-2-efta00010218.pdf,2,PDF 1.5
vol00008-2-efta00010220.pdf,1,PDF 1.5
vol00008-2-efta00010221.pdf,2,PDF 1.5
vol00008-2-efta00010223.pdf,1,PDF 1.5
vol00008-2-efta00010224.pdf,16,PDF 1.5
vol00008-2-efta00010240.pdf,1,PDF 1.5
vol00008-2-efta00010241.pdf,2,PDF 1.5
vol00008-2-efta00010243.pdf,1,PDF 1.5
vol00008-2-efta00010244.pdf,1,PDF 1.5
vol00008-2-efta00010245.pdf,4,PDF 1.5
vol00008-2-efta00010249.pdf,3,PDF 1.5
vol00008-2-efta00010252.pdf,4,PDF 1.5
vol00008-2-efta00010256.pdf,4,PDF 1.5
vol00008-2-efta00010260.pdf,1,PDF 1.5
vol00008-2-efta00010261.pdf,6,PDF 1.5
vol00008-2-efta00010267.pdf,1,PDF 1.5
vol00008-2-efta00010268.pdf,4,PDF 1.5
vol00008-2-efta00010272.pdf,1,PDF 1.5
vol00008-2-efta00010273.pdf,1,PDF 1.5
vol00008-2-efta00010274.pdf,1,PDF 1.5
vol00008-2-efta00010275.pdf,1,PDF 1.5
vol00008-2-efta00010276.pdf,1,PDF 1.5
